{"banks": {"0": {"a": "/Users/fosterd3/Downloads/20260101_2302_01kdw7cc1tf6c8hrnmz3c65rt1.mp4", "s": "/Users/fosterd3/Downloads/20260101_2301_01kdw8sdm2f5ar0jt5k3se6hh2.mp4"}, "1": {}, "2": {}}, "curves": {"/Users/fosterd3/Downloads/20260101_2302_01kdw7cc1tf6c8hrnmz3c65rt1.mp4": {"1": 0.33567708333333335, "15": 0.44183593750000005, "16": 0.4413020833333333, "17": 0.42558593749999996, "18": 0.3990104166666667, "19": 0.37308593749999996, "20": 0.3196744791666667, "21": 0.3002734375, "22": 0.2763020833333333, "23": 0.2676822916666667, "32": 0.463984375, "39": 0.34636718749999995, "40": 0.3353125, "41": 0.3264453125, "42": 0.3251432291666667, "43": 0.3023307291666667, "44": 0.29580729166666664, "45": 0.2853385416666666, "46": 0.2820963541666667, "48": 0.27799479166666663, "51": 0.2860286458333333, "54": 0.2915364583333333, "56": 0.2899869791666667, "36": 0.41740885416666673, "37": 0.5088541666666667}, "/Users/fosterd3/Downloads/20260101_2301_01kdw8sdm2f5ar0jt5k3se6hh2.mp4": {"54": 0.8538802083333333, "58": 0.8417838541666667, "62": 0.8525, "34": 0.8529296875, "38": 0.8467447916666667, "42": 0.8461848958333333, "46": 0.8510416666666667, "50": 0.860703125}}}